[
  {
    "name": "Anna Smith",
    "email": "abinavg@proton.me",
    "type": "digitalGold",
    "timestamp": "2025-05-05T11:01:32.600Z"
  },
  {
    "name": "Emily Johnson",
    "email": "mailtoaceclowngamer@gmail.com",
    "type": "digitalGold",
    "timestamp": "2025-05-05T11:01:35.959Z"
  },
  {
    "name": "Kiran Patel",
    "email": "727823tuio002@skct.edu.in",
    "type": "digitalGold",
    "timestamp": "2025-05-05T11:02:00.388Z"
  },
  {
    "name": "Pakya Priyaa",
    "email": "727823tuio033@skct.edu.in",
    "type": "digitalGold",
    "timestamp": "2025-05-05T11:02:03.179Z"
  },
  {
    "name": "Priyadharshini",
    "email": "727823tuio040@skct.edu.in",
    "type": "digitalGold",
    "timestamp": "2025-05-05T11:02:05.835Z"
  },
  {
    "name": "Mary Smith",
    "email": "ironmanonlineminecraft@gmail.com",
    "type": "digitalGold",
    "timestamp": "2025-05-05T11:02:08.706Z"
  },
  {
    "name": "Asha Patel",
    "email": "shona.gs29@gmail.com",
    "type": "digitalGold",
    "timestamp": "2025-05-05T11:02:11.365Z"
  }
]